name,tags,features,cultural_background,access_advice,reason_for_recommendation,location_url
Senso-ji Temple,"Otaku, Samurai, Tokyo Drift, Shogun, City Pop, World War II, Street Food",Popular tourist spot known for otaku experience.,This place has cultural relevance related to samurai and tokyo drift.,Take the JR line and walk 5 minutes from the nearest station.,Highly recommended for fans of Shogun and those seeking unique Tokyo moments.,https://maps.google.com/?q=Senso-ji+Temple
Meiji Shrine,"Tokyo Drift, Otaku, Street Food, Samurai, Anime, Zen",Popular tourist spot known for tokyo drift experience.,This place has cultural relevance related to otaku and street food.,Take the JR line and walk 5 minutes from the nearest station.,Highly recommended for fans of Samurai and those seeking unique Tokyo moments.,https://maps.google.com/?q=Meiji+Shrine
Shibuya Crossing,"Kawaii Culture, Hatsune Miku, Tokyo Drift, Anime",Popular tourist spot known for kawaii culture experience.,This place has cultural relevance related to hatsune miku and tokyo drift.,Take the JR line and walk 5 minutes from the nearest station.,Highly recommended for fans of Anime and those seeking unique Tokyo moments.,https://maps.google.com/?q=Shibuya+Crossing
Akihabara,"Ghibli, Night View, Street Food, Anime, Otaku, Spiritual, Tokyo Drift",Popular tourist spot known for ghibli experience.,This place has cultural relevance related to night view and street food.,Take the JR line and walk 5 minutes from the nearest station.,Highly recommended for fans of Anime and those seeking unique Tokyo moments.,https://maps.google.com/?q=Akihabara
Tokyo Tower,"Spiritual, Shogun, Lost in Translation, Street Food",Popular tourist spot known for spiritual experience.,This place has cultural relevance related to shogun and lost in translation.,Take the JR line and walk 5 minutes from the nearest station.,Highly recommended for fans of Street Food and those seeking unique Tokyo moments.,https://maps.google.com/?q=Tokyo+Tower
Odaiba,"Traditional Japan, Samurai, Shrine Visit, Lost in Translation, Spiritual, Night View, Kawaii Culture",Popular tourist spot known for traditional japan experience.,This place has cultural relevance related to samurai and shrine visit.,Take the JR line and walk 5 minutes from the nearest station.,Highly recommended for fans of Lost in Translation and those seeking unique Tokyo moments.,https://maps.google.com/?q=Odaiba
Ueno Zoo,"Night View, Samurai, Lost in Translation, Zen, Cherry Blossom, Traditional Japan, Shogun",Popular tourist spot known for night view experience.,This place has cultural relevance related to samurai and lost in translation.,Take the JR line and walk 5 minutes from the nearest station.,Highly recommended for fans of Zen and those seeking unique Tokyo moments.,https://maps.google.com/?q=Ueno+Zoo
Ghibli Museum,"Your Name, Kawaii Culture, Street Food, Samurai, Instagrammable, Lost in Translation",Popular tourist spot known for your name experience.,This place has cultural relevance related to kawaii culture and street food.,Take the JR line and walk 5 minutes from the nearest station.,Highly recommended for fans of Samurai and those seeking unique Tokyo moments.,https://maps.google.com/?q=Ghibli+Museum
Yokohama Chinatown,"Zen, World War II, Lost in Translation, Kawaii Culture, Spiritual, Instagrammable, Shogun",Popular tourist spot known for zen experience.,This place has cultural relevance related to world war ii and lost in translation.,Take the JR line and walk 5 minutes from the nearest station.,Highly recommended for fans of Kawaii Culture and those seeking unique Tokyo moments.,https://maps.google.com/?q=Yokohama+Chinatown
Kamakura Great Buddha,"Night View, Tokyo Drift, City Pop, Traditional Japan, Street Food, Hatsune Miku",Popular tourist spot known for night view experience.,This place has cultural relevance related to tokyo drift and city pop.,Take the JR line and walk 5 minutes from the nearest station.,Highly recommended for fans of Traditional Japan and those seeking unique Tokyo moments.,https://maps.google.com/?q=Kamakura+Great+Buddha
Enoshima,"Spiritual, Otaku, City Pop, Samurai",Popular tourist spot known for spiritual experience.,This place has cultural relevance related to otaku and city pop.,Take the JR line and walk 5 minutes from the nearest station.,Highly recommended for fans of Samurai and those seeking unique Tokyo moments.,https://maps.google.com/?q=Enoshima
Kawagoe Old Town,"Lost in Translation, Street Food, Zen, Shogun, Anime, Night View, Samurai",Popular tourist spot known for lost in translation experience.,This place has cultural relevance related to street food and zen.,Take the JR line and walk 5 minutes from the nearest station.,Highly recommended for fans of Shogun and those seeking unique Tokyo moments.,https://maps.google.com/?q=Kawagoe+Old+Town
Nikko Toshogu Shrine,"Anime, Otaku, Tokyo Drift, Hatsune Miku, World War II, Shogun, Night View",Popular tourist spot known for anime experience.,This place has cultural relevance related to otaku and tokyo drift.,Take the JR line and walk 5 minutes from the nearest station.,Highly recommended for fans of Hatsune Miku and those seeking unique Tokyo moments.,https://maps.google.com/?q=Nikko+Toshogu+Shrine
Naritasan Shinshoji Temple,"Spiritual, Street Food, Your Name, Hatsune Miku, Kawaii Culture",Popular tourist spot known for spiritual experience.,This place has cultural relevance related to street food and your name.,Take the JR line and walk 5 minutes from the nearest station.,Highly recommended for fans of Hatsune Miku and those seeking unique Tokyo moments.,https://maps.google.com/?q=Naritasan+Shinshoji+Temple
Ikebukuro Sunshine City,"Ghibli, Kawaii Culture, Hatsune Miku, Lost in Translation",Popular tourist spot known for ghibli experience.,This place has cultural relevance related to kawaii culture and hatsune miku.,Take the JR line and walk 5 minutes from the nearest station.,Highly recommended for fans of Lost in Translation and those seeking unique Tokyo moments.,https://maps.google.com/?q=Ikebukuro+Sunshine+City
Tokyo Skytree,"Shogun, Cherry Blossom, City Pop, Ghibli, World War II, Street Food, Zen",Popular tourist spot known for shogun experience.,This place has cultural relevance related to cherry blossom and city pop.,Take the JR line and walk 5 minutes from the nearest station.,Highly recommended for fans of Ghibli and those seeking unique Tokyo moments.,https://maps.google.com/?q=Tokyo+Skytree
Ginza,"Anime, Kawaii Culture, City Pop, Lost in Translation, Shogun, Ghibli",Popular tourist spot known for anime experience.,This place has cultural relevance related to kawaii culture and city pop.,Take the JR line and walk 5 minutes from the nearest station.,Highly recommended for fans of Lost in Translation and those seeking unique Tokyo moments.,https://maps.google.com/?q=Ginza
Shimokitazawa,"Lost in Translation, Tokyo Drift, Anime, Your Name, World War II, Samurai",Popular tourist spot known for lost in translation experience.,This place has cultural relevance related to tokyo drift and anime.,Take the JR line and walk 5 minutes from the nearest station.,Highly recommended for fans of Your Name and those seeking unique Tokyo moments.,https://maps.google.com/?q=Shimokitazawa
TeamLab Planets,"Shogun, City Pop, Hatsune Miku, Instagrammable, Otaku, Ghibli, Kawaii Culture",Popular tourist spot known for shogun experience.,This place has cultural relevance related to city pop and hatsune miku.,Take the JR line and walk 5 minutes from the nearest station.,Highly recommended for fans of Instagrammable and those seeking unique Tokyo moments.,https://maps.google.com/?q=TeamLab+Planets
Roppongi Hills,"Your Name, Tokyo Drift, Anime, Instagrammable, Spiritual, Traditional Japan, Lost in Translation",Popular tourist spot known for your name experience.,This place has cultural relevance related to tokyo drift and anime.,Take the JR line and walk 5 minutes from the nearest station.,Highly recommended for fans of Instagrammable and those seeking unique Tokyo moments.,https://maps.google.com/?q=Roppongi+Hills
Nezu Shrine,"Kawaii Culture, Shrine Visit, Your Name, Samurai, Lost in Translation",Popular tourist spot known for kawaii culture experience.,This place has cultural relevance related to shrine visit and your name.,Take the JR line and walk 5 minutes from the nearest station.,Highly recommended for fans of Samurai and those seeking unique Tokyo moments.,https://maps.google.com/?q=Nezu+Shrine
Yushima Seido,"Lost in Translation, World War II, Instagrammable, Traditional Japan, Anime",Popular tourist spot known for lost in translation experience.,This place has cultural relevance related to world war ii and instagrammable.,Take the JR line and walk 5 minutes from the nearest station.,Highly recommended for fans of Traditional Japan and those seeking unique Tokyo moments.,https://maps.google.com/?q=Yushima+Seido
Asakusa Hanayashiki,"Anime, Cherry Blossom, World War II, Street Food, Kawaii Culture, Zen",Popular tourist spot known for anime experience.,This place has cultural relevance related to cherry blossom and world war ii.,Take the JR line and walk 5 minutes from the nearest station.,Highly recommended for fans of Street Food and those seeking unique Tokyo moments.,https://maps.google.com/?q=Asakusa+Hanayashiki
Tsukiji Outer Market,"Tokyo Drift, Kawaii Culture, Samurai, Anime, Cherry Blossom",Popular tourist spot known for tokyo drift experience.,This place has cultural relevance related to kawaii culture and samurai.,Take the JR line and walk 5 minutes from the nearest station.,Highly recommended for fans of Anime and those seeking unique Tokyo moments.,https://maps.google.com/?q=Tsukiji+Outer+Market
Koenji,"World War II, Tokyo Drift, Samurai, Kawaii Culture, Your Name",Popular tourist spot known for world war ii experience.,This place has cultural relevance related to tokyo drift and samurai.,Take the JR line and walk 5 minutes from the nearest station.,Highly recommended for fans of Kawaii Culture and those seeking unique Tokyo moments.,https://maps.google.com/?q=Koenji
Kichijoji,"World War II, Shogun, Street Food, Zen, Hatsune Miku",Popular tourist spot known for world war ii experience.,This place has cultural relevance related to shogun and street food.,Take the JR line and walk 5 minutes from the nearest station.,Highly recommended for fans of Zen and those seeking unique Tokyo moments.,https://maps.google.com/?q=Kichijoji
Mitaka,"Cherry Blossom, World War II, Lost in Translation, Samurai",Popular tourist spot known for cherry blossom experience.,This place has cultural relevance related to world war ii and lost in translation.,Take the JR line and walk 5 minutes from the nearest station.,Highly recommended for fans of Samurai and those seeking unique Tokyo moments.,https://maps.google.com/?q=Mitaka
Chichibu Shrine,"Street Food, Tokyo Drift, Your Name, Lost in Translation, Shogun",Popular tourist spot known for street food experience.,This place has cultural relevance related to tokyo drift and your name.,Take the JR line and walk 5 minutes from the nearest station.,Highly recommended for fans of Lost in Translation and those seeking unique Tokyo moments.,https://maps.google.com/?q=Chichibu+Shrine
Mount Takao,"Street Food, Zen, Lost in Translation, Kawaii Culture",Popular tourist spot known for street food experience.,This place has cultural relevance related to zen and lost in translation.,Take the JR line and walk 5 minutes from the nearest station.,Highly recommended for fans of Kawaii Culture and those seeking unique Tokyo moments.,https://maps.google.com/?q=Mount+Takao
Mount Mitake,"Kawaii Culture, Spiritual, Street Food, Hatsune Miku, Lost in Translation, Anime, Otaku",Popular tourist spot known for kawaii culture experience.,This place has cultural relevance related to spiritual and street food.,Take the JR line and walk 5 minutes from the nearest station.,Highly recommended for fans of Hatsune Miku and those seeking unique Tokyo moments.,https://maps.google.com/?q=Mount+Mitake
Hitachi Seaside Park,"Otaku, Your Name, Traditional Japan, Night View, Shrine Visit, Tokyo Drift, City Pop",Popular tourist spot known for otaku experience.,This place has cultural relevance related to your name and traditional japan.,Take the JR line and walk 5 minutes from the nearest station.,Highly recommended for fans of Night View and those seeking unique Tokyo moments.,https://maps.google.com/?q=Hitachi+Seaside+Park
Omiya Bonsai Village,"City Pop, Anime, Zen, Hatsune Miku, Spiritual, Tokyo Drift, Kawaii Culture",Popular tourist spot known for city pop experience.,This place has cultural relevance related to anime and zen.,Take the JR line and walk 5 minutes from the nearest station.,Highly recommended for fans of Hatsune Miku and those seeking unique Tokyo moments.,https://maps.google.com/?q=Omiya+Bonsai+Village
Yokohama Red Brick Warehouse,"Tokyo Drift, World War II, Kawaii Culture, Anime, Cherry Blossom",Popular tourist spot known for tokyo drift experience.,This place has cultural relevance related to world war ii and kawaii culture.,Take the JR line and walk 5 minutes from the nearest station.,Highly recommended for fans of Anime and those seeking unique Tokyo moments.,https://maps.google.com/?q=Yokohama+Red+Brick+Warehouse
Kamakura Komachi Street,"Cherry Blossom, World War II, Your Name, Night View, Spiritual, Shogun, Hatsune Miku",Popular tourist spot known for cherry blossom experience.,This place has cultural relevance related to world war ii and your name.,Take the JR line and walk 5 minutes from the nearest station.,Highly recommended for fans of Night View and those seeking unique Tokyo moments.,https://maps.google.com/?q=Kamakura+Komachi+Street
Tokyo National Museum,"City Pop, Street Food, Shrine Visit, Traditional Japan, Ghibli, Kawaii Culture",Popular tourist spot known for city pop experience.,This place has cultural relevance related to street food and shrine visit.,Take the JR line and walk 5 minutes from the nearest station.,Highly recommended for fans of Traditional Japan and those seeking unique Tokyo moments.,https://maps.google.com/?q=Tokyo+National+Museum
Nakano Broadway,"Spiritual, Traditional Japan, World War II, Cherry Blossom, Shrine Visit, Your Name, City Pop",Popular tourist spot known for spiritual experience.,This place has cultural relevance related to traditional japan and world war ii.,Take the JR line and walk 5 minutes from the nearest station.,Highly recommended for fans of Cherry Blossom and those seeking unique Tokyo moments.,https://maps.google.com/?q=Nakano+Broadway
Sumida Hokusai Museum,"Spiritual, Anime, Shogun, World War II",Popular tourist spot known for spiritual experience.,This place has cultural relevance related to anime and shogun.,Take the JR line and walk 5 minutes from the nearest station.,Highly recommended for fans of World War II and those seeking unique Tokyo moments.,https://maps.google.com/?q=Sumida+Hokusai+Museum
Tokyo Daijingu,"Zen, Samurai, Lost in Translation, Spiritual, Kawaii Culture, Cherry Blossom",Popular tourist spot known for zen experience.,This place has cultural relevance related to samurai and lost in translation.,Take the JR line and walk 5 minutes from the nearest station.,Highly recommended for fans of Spiritual and those seeking unique Tokyo moments.,https://maps.google.com/?q=Tokyo+Daijingu
Ochanomizu,"Samurai, Anime, Instagrammable, Shrine Visit, Tokyo Drift, Hatsune Miku",Popular tourist spot known for samurai experience.,This place has cultural relevance related to anime and instagrammable.,Take the JR line and walk 5 minutes from the nearest station.,Highly recommended for fans of Shrine Visit and those seeking unique Tokyo moments.,https://maps.google.com/?q=Ochanomizu
Daikanyama,"Cherry Blossom, Spiritual, Anime, Tokyo Drift, Shrine Visit, Hatsune Miku",Popular tourist spot known for cherry blossom experience.,This place has cultural relevance related to spiritual and anime.,Take the JR line and walk 5 minutes from the nearest station.,Highly recommended for fans of Tokyo Drift and those seeking unique Tokyo moments.,https://maps.google.com/?q=Daikanyama
Ebisu Yokocho,"Zen, Shogun, Instagrammable, Spiritual",Popular tourist spot known for zen experience.,This place has cultural relevance related to shogun and instagrammable.,Take the JR line and walk 5 minutes from the nearest station.,Highly recommended for fans of Spiritual and those seeking unique Tokyo moments.,https://maps.google.com/?q=Ebisu+Yokocho
Tokyo Midtown,"Anime, Hatsune Miku, Your Name, Shogun",Popular tourist spot known for anime experience.,This place has cultural relevance related to hatsune miku and your name.,Take the JR line and walk 5 minutes from the nearest station.,Highly recommended for fans of Shogun and those seeking unique Tokyo moments.,https://maps.google.com/?q=Tokyo+Midtown
Todoroki Valley,"Samurai, Tokyo Drift, Hatsune Miku, Traditional Japan, Otaku, City Pop, Night View",Popular tourist spot known for samurai experience.,This place has cultural relevance related to tokyo drift and hatsune miku.,Take the JR line and walk 5 minutes from the nearest station.,Highly recommended for fans of Traditional Japan and those seeking unique Tokyo moments.,https://maps.google.com/?q=Todoroki+Valley
Jiyugaoka,"Your Name, Anime, Lost in Translation, Night View, Shogun",Popular tourist spot known for your name experience.,This place has cultural relevance related to anime and lost in translation.,Take the JR line and walk 5 minutes from the nearest station.,Highly recommended for fans of Night View and those seeking unique Tokyo moments.,https://maps.google.com/?q=Jiyugaoka
Shinjuku Gyoen,"Anime, Otaku, Night View, Shogun, Street Food",Popular tourist spot known for anime experience.,This place has cultural relevance related to otaku and night view.,Take the JR line and walk 5 minutes from the nearest station.,Highly recommended for fans of Shogun and those seeking unique Tokyo moments.,https://maps.google.com/?q=Shinjuku+Gyoen
Yoyogi Park,"Your Name, City Pop, Anime, Samurai, Street Food, Zen, Lost in Translation",Popular tourist spot known for your name experience.,This place has cultural relevance related to city pop and anime.,Take the JR line and walk 5 minutes from the nearest station.,Highly recommended for fans of Samurai and those seeking unique Tokyo moments.,https://maps.google.com/?q=Yoyogi+Park
Hamarikyu Gardens,"Zen, Lost in Translation, Instagrammable, Otaku, Samurai, Night View, Shrine Visit",Popular tourist spot known for zen experience.,This place has cultural relevance related to lost in translation and instagrammable.,Take the JR line and walk 5 minutes from the nearest station.,Highly recommended for fans of Otaku and those seeking unique Tokyo moments.,https://maps.google.com/?q=Hamarikyu+Gardens
Kyu-Furukawa Gardens,"Instagrammable, Shogun, Tokyo Drift, Street Food, Spiritual, Shrine Visit, World War II",Popular tourist spot known for instagrammable experience.,This place has cultural relevance related to shogun and tokyo drift.,Take the JR line and walk 5 minutes from the nearest station.,Highly recommended for fans of Street Food and those seeking unique Tokyo moments.,https://maps.google.com/?q=Kyu-Furukawa+Gardens
Yanaka Ginza,"Instagrammable, Spiritual, Shrine Visit, Traditional Japan",Popular tourist spot known for instagrammable experience.,This place has cultural relevance related to spiritual and shrine visit.,Take the JR line and walk 5 minutes from the nearest station.,Highly recommended for fans of Traditional Japan and those seeking unique Tokyo moments.,https://maps.google.com/?q=Yanaka+Ginza
Kappabashi Street,"Spiritual, Tokyo Drift, Kawaii Culture, Night View, Ghibli, Samurai",Popular tourist spot known for spiritual experience.,This place has cultural relevance related to tokyo drift and kawaii culture.,Take the JR line and walk 5 minutes from the nearest station.,Highly recommended for fans of Night View and those seeking unique Tokyo moments.,https://maps.google.com/?q=Kappabashi+Street
Ameyoko Market,"City Pop, Ghibli, Instagrammable, Your Name, Tokyo Drift, Zen",Popular tourist spot known for city pop experience.,This place has cultural relevance related to ghibli and instagrammable.,Take the JR line and walk 5 minutes from the nearest station.,Highly recommended for fans of Your Name and those seeking unique Tokyo moments.,https://maps.google.com/?q=Ameyoko+Market
Ikegami Honmonji,"Shrine Visit, Zen, Samurai, Your Name",Popular tourist spot known for shrine visit experience.,This place has cultural relevance related to zen and samurai.,Take the JR line and walk 5 minutes from the nearest station.,Highly recommended for fans of Your Name and those seeking unique Tokyo moments.,https://maps.google.com/?q=Ikegami+Honmonji
Zojoji Temple,"Anime, Traditional Japan, Street Food, Tokyo Drift",Popular tourist spot known for anime experience.,This place has cultural relevance related to traditional japan and street food.,Take the JR line and walk 5 minutes from the nearest station.,Highly recommended for fans of Tokyo Drift and those seeking unique Tokyo moments.,https://maps.google.com/?q=Zojoji+Temple
Rikugien Garden,"Cherry Blossom, Traditional Japan, Otaku, City Pop, Shrine Visit, Your Name, World War II",Popular tourist spot known for cherry blossom experience.,This place has cultural relevance related to traditional japan and otaku.,Take the JR line and walk 5 minutes from the nearest station.,Highly recommended for fans of City Pop and those seeking unique Tokyo moments.,https://maps.google.com/?q=Rikugien+Garden
Inokashira Park,"Traditional Japan, Shrine Visit, Street Food, Your Name, Zen",Popular tourist spot known for traditional japan experience.,This place has cultural relevance related to shrine visit and street food.,Take the JR line and walk 5 minutes from the nearest station.,Highly recommended for fans of Your Name and those seeking unique Tokyo moments.,https://maps.google.com/?q=Inokashira+Park
Kawasaki Daishi,"Tokyo Drift, Cherry Blossom, Night View, World War II, Shogun, Zen, City Pop",Popular tourist spot known for tokyo drift experience.,This place has cultural relevance related to cherry blossom and night view.,Take the JR line and walk 5 minutes from the nearest station.,Highly recommended for fans of World War II and those seeking unique Tokyo moments.,https://maps.google.com/?q=Kawasaki+Daishi
Kasai Rinkai Park,"World War II, Kawaii Culture, Shrine Visit, Otaku",Popular tourist spot known for world war ii experience.,This place has cultural relevance related to kawaii culture and shrine visit.,Take the JR line and walk 5 minutes from the nearest station.,Highly recommended for fans of Otaku and those seeking unique Tokyo moments.,https://maps.google.com/?q=Kasai+Rinkai+Park
Tama Zoo,"Street Food, Otaku, Samurai, Hatsune Miku, Night View, Shogun, Your Name",Popular tourist spot known for street food experience.,This place has cultural relevance related to otaku and samurai.,Take the JR line and walk 5 minutes from the nearest station.,Highly recommended for fans of Hatsune Miku and those seeking unique Tokyo moments.,https://maps.google.com/?q=Tama+Zoo
Musashino Park,"Tokyo Drift, Shrine Visit, Zen, Cherry Blossom, Shogun, Spiritual, Instagrammable",Popular tourist spot known for tokyo drift experience.,This place has cultural relevance related to shrine visit and zen.,Take the JR line and walk 5 minutes from the nearest station.,Highly recommended for fans of Cherry Blossom and those seeking unique Tokyo moments.,https://maps.google.com/?q=Musashino+Park
Showa Kinen Park,"Spiritual, Samurai, Your Name, Kawaii Culture, Tokyo Drift, Street Food",Popular tourist spot known for spiritual experience.,This place has cultural relevance related to samurai and your name.,Take the JR line and walk 5 minutes from the nearest station.,Highly recommended for fans of Kawaii Culture and those seeking unique Tokyo moments.,https://maps.google.com/?q=Showa+Kinen+Park
Tokyo Opera City,"Your Name, City Pop, Otaku, Hatsune Miku",Popular tourist spot known for your name experience.,This place has cultural relevance related to city pop and otaku.,Take the JR line and walk 5 minutes from the nearest station.,Highly recommended for fans of Hatsune Miku and those seeking unique Tokyo moments.,https://maps.google.com/?q=Tokyo+Opera+City
Sunshine Aquarium,"World War II, Instagrammable, Cherry Blossom, Spiritual, Samurai, Ghibli",Popular tourist spot known for world war ii experience.,This place has cultural relevance related to instagrammable and cherry blossom.,Take the JR line and walk 5 minutes from the nearest station.,Highly recommended for fans of Spiritual and those seeking unique Tokyo moments.,https://maps.google.com/?q=Sunshine+Aquarium
Ghibli Clock,"Shogun, Your Name, Traditional Japan, Instagrammable, Tokyo Drift, Zen, Lost in Translation",Popular tourist spot known for shogun experience.,This place has cultural relevance related to your name and traditional japan.,Take the JR line and walk 5 minutes from the nearest station.,Highly recommended for fans of Instagrammable and those seeking unique Tokyo moments.,https://maps.google.com/?q=Ghibli+Clock
Shinjuku Golden Gai,"Your Name, Night View, Traditional Japan, Shrine Visit, Lost in Translation",Popular tourist spot known for your name experience.,This place has cultural relevance related to night view and traditional japan.,Take the JR line and walk 5 minutes from the nearest station.,Highly recommended for fans of Shrine Visit and those seeking unique Tokyo moments.,https://maps.google.com/?q=Shinjuku+Golden+Gai
Okutama,"City Pop, Kawaii Culture, World War II, Tokyo Drift",Popular tourist spot known for city pop experience.,This place has cultural relevance related to kawaii culture and world war ii.,Take the JR line and walk 5 minutes from the nearest station.,Highly recommended for fans of Tokyo Drift and those seeking unique Tokyo moments.,https://maps.google.com/?q=Okutama
Tama River,"Shrine Visit, Instagrammable, Shogun, World War II, Street Food",Popular tourist spot known for shrine visit experience.,This place has cultural relevance related to instagrammable and shogun.,Take the JR line and walk 5 minutes from the nearest station.,Highly recommended for fans of World War II and those seeking unique Tokyo moments.,https://maps.google.com/?q=Tama+River
Tokyo Camii,"Kawaii Culture, Spiritual, Tokyo Drift, Night View, Shrine Visit, Instagrammable, World War II",Popular tourist spot known for kawaii culture experience.,This place has cultural relevance related to spiritual and tokyo drift.,Take the JR line and walk 5 minutes from the nearest station.,Highly recommended for fans of Night View and those seeking unique Tokyo moments.,https://maps.google.com/?q=Tokyo+Camii
Haneda Airport Garden,"Hatsune Miku, Otaku, Street Food, Lost in Translation, Ghibli",Popular tourist spot known for hatsune miku experience.,This place has cultural relevance related to otaku and street food.,Take the JR line and walk 5 minutes from the nearest station.,Highly recommended for fans of Lost in Translation and those seeking unique Tokyo moments.,https://maps.google.com/?q=Haneda+Airport+Garden
Shibamata Taishakuten,"Night View, Samurai, City Pop, Your Name, World War II",Popular tourist spot known for night view experience.,This place has cultural relevance related to samurai and city pop.,Take the JR line and walk 5 minutes from the nearest station.,Highly recommended for fans of Your Name and those seeking unique Tokyo moments.,https://maps.google.com/?q=Shibamata+Taishakuten
Tokyo Waterworks Museum,"Samurai, Kawaii Culture, Instagrammable, Zen, World War II, Anime",Popular tourist spot known for samurai experience.,This place has cultural relevance related to kawaii culture and instagrammable.,Take the JR line and walk 5 minutes from the nearest station.,Highly recommended for fans of Zen and those seeking unique Tokyo moments.,https://maps.google.com/?q=Tokyo+Waterworks+Museum
Kanda Shrine,"Kawaii Culture, World War II, Zen, Your Name, Cherry Blossom",Popular tourist spot known for kawaii culture experience.,This place has cultural relevance related to world war ii and zen.,Take the JR line and walk 5 minutes from the nearest station.,Highly recommended for fans of Your Name and those seeking unique Tokyo moments.,https://maps.google.com/?q=Kanda+Shrine
Sugamo,"Kawaii Culture, Tokyo Drift, City Pop, Traditional Japan, Zen, Lost in Translation, Street Food",Popular tourist spot known for kawaii culture experience.,This place has cultural relevance related to tokyo drift and city pop.,Take the JR line and walk 5 minutes from the nearest station.,Highly recommended for fans of Traditional Japan and those seeking unique Tokyo moments.,https://maps.google.com/?q=Sugamo
Gotokuji Temple,"Night View, Street Food, Hatsune Miku, Samurai, Ghibli, Kawaii Culture",Popular tourist spot known for night view experience.,This place has cultural relevance related to street food and hatsune miku.,Take the JR line and walk 5 minutes from the nearest station.,Highly recommended for fans of Samurai and those seeking unique Tokyo moments.,https://maps.google.com/?q=Gotokuji+Temple
Setagaya Art Museum,"World War II, Street Food, Shrine Visit, Traditional Japan, Lost in Translation",Popular tourist spot known for world war ii experience.,This place has cultural relevance related to street food and shrine visit.,Take the JR line and walk 5 minutes from the nearest station.,Highly recommended for fans of Traditional Japan and those seeking unique Tokyo moments.,https://maps.google.com/?q=Setagaya+Art+Museum
Adachi Fireworks Site,"Lost in Translation, Night View, Otaku, Your Name, Kawaii Culture, Street Food",Popular tourist spot known for lost in translation experience.,This place has cultural relevance related to night view and otaku.,Take the JR line and walk 5 minutes from the nearest station.,Highly recommended for fans of Your Name and those seeking unique Tokyo moments.,https://maps.google.com/?q=Adachi+Fireworks+Site
Ueno Park,"Ghibli, Hatsune Miku, Samurai, Instagrammable, Zen, Night View, Kawaii Culture",Popular tourist spot known for ghibli experience.,This place has cultural relevance related to hatsune miku and samurai.,Take the JR line and walk 5 minutes from the nearest station.,Highly recommended for fans of Instagrammable and those seeking unique Tokyo moments.,https://maps.google.com/?q=Ueno+Park
National Art Center,"Kawaii Culture, Street Food, City Pop, Hatsune Miku, Night View, Your Name",Popular tourist spot known for kawaii culture experience.,This place has cultural relevance related to street food and city pop.,Take the JR line and walk 5 minutes from the nearest station.,Highly recommended for fans of Hatsune Miku and those seeking unique Tokyo moments.,https://maps.google.com/?q=National+Art+Center
National Museum of Western Art,"Cherry Blossom, Street Food, Tokyo Drift, Otaku, City Pop, Instagrammable",Popular tourist spot known for cherry blossom experience.,This place has cultural relevance related to street food and tokyo drift.,Take the JR line and walk 5 minutes from the nearest station.,Highly recommended for fans of Otaku and those seeking unique Tokyo moments.,https://maps.google.com/?q=National+Museum+of+Western+Art
Sumida Aquarium,"Shrine Visit, City Pop, World War II, Night View, Your Name, Anime, Instagrammable",Popular tourist spot known for shrine visit experience.,This place has cultural relevance related to city pop and world war ii.,Take the JR line and walk 5 minutes from the nearest station.,Highly recommended for fans of Night View and those seeking unique Tokyo moments.,https://maps.google.com/?q=Sumida+Aquarium
Tokyo International Forum,"Street Food, Lost in Translation, Anime, Traditional Japan, Otaku, Kawaii Culture",Popular tourist spot known for street food experience.,This place has cultural relevance related to lost in translation and anime.,Take the JR line and walk 5 minutes from the nearest station.,Highly recommended for fans of Traditional Japan and those seeking unique Tokyo moments.,https://maps.google.com/?q=Tokyo+International+Forum
Kyu-Iwasaki-tei Garden,"Instagrammable, World War II, Otaku, City Pop, Shogun",Popular tourist spot known for instagrammable experience.,This place has cultural relevance related to world war ii and otaku.,Take the JR line and walk 5 minutes from the nearest station.,Highly recommended for fans of City Pop and those seeking unique Tokyo moments.,https://maps.google.com/?q=Kyu-Iwasaki-tei+Garden
Roppongi Art Triangle,"Instagrammable, Spiritual, World War II, Your Name, Traditional Japan, Street Food, Otaku",Popular tourist spot known for instagrammable experience.,This place has cultural relevance related to spiritual and world war ii.,Take the JR line and walk 5 minutes from the nearest station.,Highly recommended for fans of Your Name and those seeking unique Tokyo moments.,https://maps.google.com/?q=Roppongi+Art+Triangle
Toyosu Fish Market,"Samurai, City Pop, Shogun, Kawaii Culture",Popular tourist spot known for samurai experience.,This place has cultural relevance related to city pop and shogun.,Take the JR line and walk 5 minutes from the nearest station.,Highly recommended for fans of Kawaii Culture and those seeking unique Tokyo moments.,https://maps.google.com/?q=Toyosu+Fish+Market
Musée Tomo,"Your Name, Hatsune Miku, Shogun, Night View, Traditional Japan, Ghibli",Popular tourist spot known for your name experience.,This place has cultural relevance related to hatsune miku and shogun.,Take the JR line and walk 5 minutes from the nearest station.,Highly recommended for fans of Night View and those seeking unique Tokyo moments.,https://maps.google.com/?q=Musée+Tomo
Japan Sword Museum,"Your Name, City Pop, Cherry Blossom, Anime",Popular tourist spot known for your name experience.,This place has cultural relevance related to city pop and cherry blossom.,Take the JR line and walk 5 minutes from the nearest station.,Highly recommended for fans of Anime and those seeking unique Tokyo moments.,https://maps.google.com/?q=Japan+Sword+Museum
Tokyo Anime Center,"City Pop, Cherry Blossom, Night View, Street Food",Popular tourist spot known for city pop experience.,This place has cultural relevance related to cherry blossom and night view.,Take the JR line and walk 5 minutes from the nearest station.,Highly recommended for fans of Street Food and those seeking unique Tokyo moments.,https://maps.google.com/?q=Tokyo+Anime+Center
Meguro Parasitological Museum,"Ghibli, Traditional Japan, Street Food, City Pop, Anime, Samurai, Lost in Translation",Popular tourist spot known for ghibli experience.,This place has cultural relevance related to traditional japan and street food.,Take the JR line and walk 5 minutes from the nearest station.,Highly recommended for fans of City Pop and those seeking unique Tokyo moments.,https://maps.google.com/?q=Meguro+Parasitological+Museum
Tokyo Station,"Kawaii Culture, Hatsune Miku, Instagrammable, Traditional Japan",Popular tourist spot known for kawaii culture experience.,This place has cultural relevance related to hatsune miku and instagrammable.,Take the JR line and walk 5 minutes from the nearest station.,Highly recommended for fans of Traditional Japan and those seeking unique Tokyo moments.,https://maps.google.com/?q=Tokyo+Station
Kabukicho,"City Pop, Samurai, Ghibli, Instagrammable, Shrine Visit, Spiritual, Otaku",Popular tourist spot known for city pop experience.,This place has cultural relevance related to samurai and ghibli.,Take the JR line and walk 5 minutes from the nearest station.,Highly recommended for fans of Instagrammable and those seeking unique Tokyo moments.,https://maps.google.com/?q=Kabukicho
Takadanobaba,"Hatsune Miku, Your Name, World War II, Anime, Kawaii Culture, Instagrammable, Street Food",Popular tourist spot known for hatsune miku experience.,This place has cultural relevance related to your name and world war ii.,Take the JR line and walk 5 minutes from the nearest station.,Highly recommended for fans of Anime and those seeking unique Tokyo moments.,https://maps.google.com/?q=Takadanobaba
Koishikawa Korakuen,"World War II, Your Name, Shrine Visit, Hatsune Miku, Ghibli, Anime",Popular tourist spot known for world war ii experience.,This place has cultural relevance related to your name and shrine visit.,Take the JR line and walk 5 minutes from the nearest station.,Highly recommended for fans of Hatsune Miku and those seeking unique Tokyo moments.,https://maps.google.com/?q=Koishikawa+Korakuen
Shinagawa Aquarium,"Tokyo Drift, Otaku, Night View, City Pop",Popular tourist spot known for tokyo drift experience.,This place has cultural relevance related to otaku and night view.,Take the JR line and walk 5 minutes from the nearest station.,Highly recommended for fans of City Pop and those seeking unique Tokyo moments.,https://maps.google.com/?q=Shinagawa+Aquarium
Panasonic Shiodome Museum,"Night View, Traditional Japan, Ghibli, Tokyo Drift",Popular tourist spot known for night view experience.,This place has cultural relevance related to traditional japan and ghibli.,Take the JR line and walk 5 minutes from the nearest station.,Highly recommended for fans of Tokyo Drift and those seeking unique Tokyo moments.,https://maps.google.com/?q=Panasonic+Shiodome+Museum
Yokohama Cup Noodles Museum,"Tokyo Drift, Lost in Translation, Kawaii Culture, Hatsune Miku, World War II",Popular tourist spot known for tokyo drift experience.,This place has cultural relevance related to lost in translation and kawaii culture.,Take the JR line and walk 5 minutes from the nearest station.,Highly recommended for fans of Hatsune Miku and those seeking unique Tokyo moments.,https://maps.google.com/?q=Yokohama+Cup+Noodles+Museum
Ginza Sony Park,"Samurai, Traditional Japan, Instagrammable, Ghibli, Shrine Visit, Otaku",Popular tourist spot known for samurai experience.,This place has cultural relevance related to traditional japan and instagrammable.,Take the JR line and walk 5 minutes from the nearest station.,Highly recommended for fans of Ghibli and those seeking unique Tokyo moments.,https://maps.google.com/?q=Ginza+Sony+Park
Tokyo Dome,"Shrine Visit, Night View, Spiritual, Street Food, Instagrammable",Popular tourist spot known for shrine visit experience.,This place has cultural relevance related to night view and spiritual.,Take the JR line and walk 5 minutes from the nearest station.,Highly recommended for fans of Street Food and those seeking unique Tokyo moments.,https://maps.google.com/?q=Tokyo+Dome
LaQua,"Tokyo Drift, Hatsune Miku, Traditional Japan, World War II",Popular tourist spot known for tokyo drift experience.,This place has cultural relevance related to hatsune miku and traditional japan.,Take the JR line and walk 5 minutes from the nearest station.,Highly recommended for fans of World War II and those seeking unique Tokyo moments.,https://maps.google.com/?q=LaQua
Tokyo Metropolitan Government Building,"Traditional Japan, Instagrammable, Shogun, Street Food",Popular tourist spot known for traditional japan experience.,This place has cultural relevance related to instagrammable and shogun.,Take the JR line and walk 5 minutes from the nearest station.,Highly recommended for fans of Street Food and those seeking unique Tokyo moments.,https://maps.google.com/?q=Tokyo+Metropolitan+Government+Building
Hachiko Statue,"Night View, Tokyo Drift, Hatsune Miku, Ghibli, Otaku, Zen, Shrine Visit",Popular tourist spot known for night view experience.,This place has cultural relevance related to tokyo drift and hatsune miku.,Take the JR line and walk 5 minutes from the nearest station.,Highly recommended for fans of Ghibli and those seeking unique Tokyo moments.,https://maps.google.com/?q=Hachiko+Statue
Ochanomizu Gagaku Hall,"Shrine Visit, Instagrammable, Anime, Otaku, Tokyo Drift, Samurai, City Pop",Popular tourist spot known for shrine visit experience.,This place has cultural relevance related to instagrammable and anime.,Take the JR line and walk 5 minutes from the nearest station.,Highly recommended for fans of Otaku and those seeking unique Tokyo moments.,https://maps.google.com/?q=Ochanomizu+Gagaku+Hall
